{
  "main_model": {
    "rmse": 0.3200142212212086,
    "ece": 0.04950999179854989,
    "coverage": 0.9008689880371094,
    "by_k_type": {
      "gp": {
        "rmse": 0.38771378213474633,
        "ece": 0.1184573098248531,
        "coverage": 0.8497744678657583
      },
      "inclusion": {
        "rmse": 0.1684960967064878,
        "ece": 0.20891735580225643,
        "coverage": 0.9803111575110087
      },
      "soft_inclusion": {
        "rmse": 0.15979089274063824,
        "ece": 0.2141183291481236,
        "coverage": 0.9926690665755685
      }
    }
  },
  "baselines": {
    "mlp": {
      "rmse": 0.3370844729244709,
      "ece": 0.07409716630354524,
      "coverage": 0.9211734771728516
    },
    "gp": {
      "rmse": 0.32313683480024336,
      "ece": 0.057953341584652665,
      "coverage": 0.9178592681884765
    },
    "pinn": {
      "rmse": 0.12252468755468726,
      "ece": 0.2507080249488354,
      "coverage": 0.87353515625,
      "avg_time_sec": 1.852341462566983,
      "avg_steps": 355.375,
      "avg_update_steps": 355.375,
      "median_steps": 400.0,
      "converged_fraction": 0.25,
      "avg_best_loss": 0.12335855231503956,
      "optimizer": "adam",
      "lr": 0.001
    }
  },
  "timing": {
    "main_avg_sec": 0.0017397333673822384
  },
  "pinn_timing": {
    "pinn_avg_sec": 1.852341462566983,
    "pinn_avg_steps": 355.375,
    "pinn_avg_update_steps": 355.375,
    "pinn_median_steps": 400.0,
    "pinn_converged_fraction": 0.25
  },
  "calibration": {
    "temperature_scaling_enabled": false,
    "objective": "ece",
    "temperature": 1.0,
    "use_mc_dropout": true,
    "val_objective_at_temperature": null,
    "val_coverage_at_temperature": null,
    "feasible_candidate_count": null,
    "fallback_reason": null
  },
  "ood": {
    "high_noise": {
      "rmse": 0.31965208022544783,
      "ece": 0.2790988652656476,
      "coverage": 0.8824055989583334
    },
    "few_observations": {
      "rmse": 0.3718483004098137,
      "ece": 0.2703152261674404,
      "coverage": 0.8154296875
    },
    "nu_0_5_only": {
      "rmse": 0.3663867979000012,
      "ece": 0.2791314171627164,
      "coverage": 0.8501790364583334
    },
    "non_smooth_checkerboard": {
      "rmse": 0.6000547856092453,
      "ece": 0.23340930293003717,
      "coverage": 0.0
    },
    "correlated_noise": {
      "rmse": 0.4023740937312444,
      "ece": 0.32642959741254646,
      "coverage": 0.7585856119791666
    },
    "outlier_noise": {
      "rmse": 0.3049767818301916,
      "ece": 0.26416830586579937,
      "coverage": 0.89697265625
    }
  },
  "resolution_transfer": {
    "rmse_32_native": 0.23571220226585865,
    "rmse_32_to_64_upsampled": 0.3648860864341259,
    "n_samples": 8
  }
}